<?xml version="1.0" encoding="UTF-8" ?>
<odoo>
    <record id="module_category_school" model="ir.module.category" >
        <field name="name">School</field>
<!--        <field name="sequence">5</field>-->
    </record>
     <record id="group_school_student" model="res.groups">
        <field name="name">Student</field>
        <field name="category_id" ref="school_management.module_category_school"/>
        <field name="implied_ids" eval="[(4, ref('base.group_user'))]"/>
         <field name="comment">This user will have access to him self only</field>
    </record>
     <record id="group_school_teacher" model="res.groups">
        <field name="name">Teacher</field>
        <field name="category_id" ref="school_management.module_category_school"/>
        <field name="implied_ids" eval="[(4, ref('school_management.group_school_student'))]"/>
         <field name="comment">This user will have access to students and them self</field>
    </record>
    <record id="group_school_management" model="res.groups">
        <field name="name">Management</field>
        <field name="category_id" ref="school_management.module_category_school"/>
        <field name="implied_ids" eval="[(4, ref('school_management.group_school_teacher'))]"/>
         <field name="comment">This user will have access to students and teachers </field>
    </record>

</odoo>