<?xml version="1.0" encoding="UTF-8" ?>
<odoo>
    <record id="school_rule_management" model="ir.rule">
        <field name="name">Management Rule</field>
        <field name="model_id" ref="model_school_student"/>
        <field name="domain_force">[(1,'=',1)]</field>
        <field name="groups" eval="[(4, ref('school_management.group_school_management'))]"/>
        <field name="perm_read" eval="1"/>
        <field name="perm_write" eval="1"/>
        <field name="perm_create" eval="1"/>
        <field name="perm_unlink" eval="1"/>
    </record>

    <record id="school_rule_student" model="ir.rule">
        <field name="name">Student Rule</field>
        <field name="model_id" ref="model_school_student"/>
        <field name="domain_force">[('login_id', '=', user.id)]</field>
        <field name="groups" eval="[(4, ref('school_management.group_school_student'))]"/>
        <field name="perm_read" eval="1"/>
        <field name="perm_write" eval="0"/>
        <field name="perm_create" eval="0"/>
        <field name="perm_unlink" eval="0"/>
    </record>

    <record id="school_rule_teacher" model="ir.rule">
        <field name="name">Teacher Rule</field>
        <field name="model_id" ref="model_school_teacher"/>
        <field name="domain_force">[('login_id','=', user.id)]</field>
        <field name="groups" eval="[(4, ref('school_management.group_school_teacher'))]"/>
        <field name="perm_read" eval="1"/>
        <field name="perm_write" eval="1"/>
        <field name="perm_create" eval="1"/>
        <field name="perm_unlink" eval="1"/>
    </record>

    <record id="school_rule_teacher_modman" model="ir.rule">
        <field name="name">Management - Teacher Rule</field>
        <field name="model_id" ref="model_school_teacher"/>
        <field name="domain_force">[(1,'=',1)]</field>
        <field name="groups" eval="[(4, ref('school_management.group_school_management'))]"/>
        <field name="perm_read" eval="1"/>
        <field name="perm_write" eval="1"/>
        <field name="perm_create" eval="1"/>
        <field name="perm_unlink" eval="1"/>
    </record>
</odoo>


