<?xml version="1.0" encoding="UTF-8" ?>
<odoo>
    <data noupdate="1">
        <record id="student_due_date_cron" model="ir.cron">
            <field name="name">Student Due Date reminder</field>
            <field name="model_id" ref="model_school_student"/>
            <field name="state">code</field>
            <field name="code">model.test_cron_job()</field>
            <field name="interval_number">1</field>
            <field name="interval_type">days</field>
            <field name="numbercall">-1</field>
            <field name="active">True</field>
        </record>
    </data>
</odoo>