<?xml version="1.0" encoding="UTF-8" ?>
<odoo>
  <record id="student_email" model="mail.template">
            <field name="name">Student Email</field>
            <field name="model_id" ref="school_management.model_school_student"/>
<!--           <field name="email_from">{{ object.email }}</field> -->
            <field name="email_to">{{ object.email }}</field>
            <field name="subject">Student Information</field>
            <field name="description">Sent to Students </field>
            <field name="body_html" type="html">
                <div>
                    <p>
                        Hellooo,
                        <br/>
                        <br/>
                        This is My First Template!
                        <br/>
                        <br/>
                        <br/>
                        By Mano durga
                        <br/>
                        <br/>
                    </p>
                </div>
            </field>
  </record>

</odoo>